donation_id,donor_id,case_id,amount,date
DONATION-0001,DONOR-078,CASE-0441,2306.40,2025-11-05
DONATION-0002,DONOR-082,CASE-0167,1836.04,2026-05-27
DONATION-0003,DONOR-055,CASE-0251,896.53,2026-08-23
DONATION-0004,DONOR-001,CASE-0136,2327.64,2026-04-01
DONATION-0005,DONOR-005,CASE-0117,2481.10,2026-06-26
DONATION-0006,DONOR-057,CASE-0134,1850.03,2026-09-03
DONATION-0007,DONOR-063,CASE-0437,656.28,2026-04-24
DONATION-0008,DONOR-060,CASE-0049,386.64,2026-07-31
DONATION-0009,DONOR-031,CASE-0258,904.19,2026-05-19
DONATION-0010,DONOR-075,CASE-0435,994.10,2026-03-21
DONATION-0011,DONOR-025,CASE-0322,860.83,2026-08-22
DONATION-0012,DONOR-075,CASE-0119,1266.60,2026-09-02
DONATION-0013,DONOR-066,CASE-0278,1045.88,2026-08-09
DONATION-0014,DONOR-017,CASE-0229,1646.35,2026-08-15
DONATION-0015,DONOR-065,CASE-0094,94.54,2025-06-17
DONATION-0016,DONOR-032,CASE-0035,377.26,2026-04-12
DONATION-0017,DONOR-075,CASE-0405,88.33,2026-02-01
DONATION-0018,DONOR-044,CASE-0480,523.48,2026-05-12
DONATION-0019,DONOR-013,CASE-0045,452.45,2026-08-24
DONATION-0020,DONOR-057,CASE-0193,1357.73,2026-08-22
DONATION-0021,DONOR-008,CASE-0128,855.57,2026-03-13
DONATION-0022,DONOR-055,CASE-0226,113.64,2026-04-29
DONATION-0023,DONOR-084,CASE-0480,1696.37,2026-08-31
DONATION-0024,DONOR-029,CASE-0027,984.29,2026-07-08
DONATION-0025,DONOR-056,CASE-0162,2133.76,2026-07-25
DONATION-0026,DONOR-061,CASE-0211,309.59,2026-07-24
DONATION-0027,DONOR-085,CASE-0074,2462.77,2026-07-01
DONATION-0028,DONOR-053,CASE-0254,480.77,2026-06-12
DONATION-0029,DONOR-002,CASE-0284,1573.11,2025-12-20
DONATION-0030,DONOR-060,CASE-0050,953.47,2025-07-23
DONATION-0031,DONOR-074,CASE-0072,451.49,2025-08-08
DONATION-0032,DONOR-095,CASE-0442,1093.73,2026-04-25
DONATION-0033,DONOR-065,CASE-0392,83.78,2026-07-18
DONATION-0034,DONOR-053,CASE-0403,1800.04,2026-09-05
DONATION-0035,DONOR-074,CASE-0345,2068.10,2026-02-07
DONATION-0036,DONOR-083,CASE-0445,2108.56,2025-11-23
DONATION-0037,DONOR-093,CASE-0091,1555.22,2025-10-25
DONATION-0038,DONOR-085,CASE-0071,2395.06,2025-11-03
DONATION-0039,DONOR-097,CASE-0300,1626.68,2026-08-31
DONATION-0040,DONOR-022,CASE-0399,1471.50,2026-08-06
DONATION-0041,DONOR-064,CASE-0256,1573.07,2025-12-14
DONATION-0042,DONOR-087,CASE-0222,980.22,2026-07-10
DONATION-0043,DONOR-082,CASE-0104,1945.53,2026-05-23
DONATION-0044,DONOR-099,CASE-0487,1124.66,2026-07-27
DONATION-0045,DONOR-060,CASE-0323,488.32,2025-11-22
DONATION-0046,DONOR-090,CASE-0180,1855.38,2026-07-24
DONATION-0047,DONOR-093,CASE-0139,2449.01,2025-08-30
DONATION-0048,DONOR-003,CASE-0027,1442.75,2025-08-24
DONATION-0049,DONOR-023,CASE-0104,1257.73,2026-03-23
DONATION-0050,DONOR-027,CASE-0120,565.32,2026-08-27
DONATION-0051,DONOR-065,CASE-0119,1652.22,2026-02-09
DONATION-0052,DONOR-090,CASE-0061,841.95,2026-05-01
DONATION-0053,DONOR-037,CASE-0158,751.12,2025-11-22
DONATION-0054,DONOR-029,CASE-0182,2213.45,2025-09-27
DONATION-0055,DONOR-053,CASE-0365,850.15,2025-08-31
DONATION-0056,DONOR-092,CASE-0281,2184.13,2026-08-25
DONATION-0057,DONOR-055,CASE-0491,1141.41,2026-06-01
DONATION-0058,DONOR-032,CASE-0309,240.87,2026-08-25
DONATION-0059,DONOR-046,CASE-0055,2050.20,2025-09-11
DONATION-0060,DONOR-041,CASE-0280,1279.33,2025-10-06
DONATION-0061,DONOR-047,CASE-0474,1432.05,2025-12-28
DONATION-0062,DONOR-059,CASE-0019,1192.89,2026-08-19
DONATION-0063,DONOR-088,CASE-0491,1133.95,2026-06-13
DONATION-0064,DONOR-050,CASE-0035,1115.25,2026-07-01
DONATION-0065,DONOR-050,CASE-0418,1617.37,2026-07-21
DONATION-0066,DONOR-001,CASE-0385,282.64,2026-05-15
DONATION-0067,DONOR-010,CASE-0287,2160.38,2026-08-23
DONATION-0068,DONOR-063,CASE-0121,495.89,2026-06-26
DONATION-0069,DONOR-056,CASE-0446,126.26,2026-08-31
DONATION-0070,DONOR-016,CASE-0256,943.00,2025-12-04
DONATION-0071,DONOR-030,CASE-0445,193.52,2026-03-08
DONATION-0072,DONOR-030,CASE-0269,126.29,2026-04-19
DONATION-0073,DONOR-040,CASE-0115,855.96,2026-06-19
DONATION-0074,DONOR-069,CASE-0317,365.87,2025-05-15
DONATION-0075,DONOR-027,CASE-0443,1005.88,2025-07-24
DONATION-0076,DONOR-032,CASE-0388,1076.03,2026-02-26
DONATION-0077,DONOR-029,CASE-0017,734.00,2026-08-20
DONATION-0078,DONOR-079,CASE-0152,505.03,2026-08-17
DONATION-0079,DONOR-057,CASE-0256,98.29,2026-04-06
DONATION-0080,DONOR-028,CASE-0006,360.04,2026-04-26
DONATION-0081,DONOR-004,CASE-0112,1597.28,2026-09-05
DONATION-0082,DONOR-060,CASE-0129,1681.92,2026-08-28
DONATION-0083,DONOR-006,CASE-0147,1776.52,2026-08-28
DONATION-0084,DONOR-026,CASE-0024,1760.62,2026-05-30
DONATION-0085,DONOR-019,CASE-0290,490.88,2026-08-03
DONATION-0086,DONOR-079,CASE-0448,480.15,2026-09-07
DONATION-0087,DONOR-011,CASE-0184,362.67,2026-04-16
DONATION-0088,DONOR-041,CASE-0224,1586.93,2026-01-07
DONATION-0089,DONOR-087,CASE-0466,410.18,2025-11-10
DONATION-0090,DONOR-070,CASE-0119,2077.81,2026-02-27
DONATION-0091,DONOR-048,CASE-0266,1743.07,2026-06-16
DONATION-0092,DONOR-010,CASE-0283,1069.61,2026-07-01
DONATION-0093,DONOR-071,CASE-0134,77.69,2026-06-26
DONATION-0094,DONOR-008,CASE-0226,729.66,2026-01-16
DONATION-0095,DONOR-059,CASE-0081,1980.20,2026-03-21
DONATION-0096,DONOR-022,CASE-0367,1848.65,2026-07-15
DONATION-0097,DONOR-046,CASE-0025,1317.31,2026-02-20
DONATION-0098,DONOR-074,CASE-0450,1201.92,2025-09-20
DONATION-0099,DONOR-049,CASE-0130,2302.99,2026-05-20
DONATION-0100,DONOR-021,CASE-0260,466.90,2026-05-30
DONATION-0101,DONOR-003,CASE-0172,858.10,2026-08-28
DONATION-0102,DONOR-083,CASE-0217,1009.97,2026-08-14
DONATION-0103,DONOR-083,CASE-0137,960.60,2025-12-12
DONATION-0104,DONOR-093,CASE-0160,642.29,2026-04-28
DONATION-0105,DONOR-096,CASE-0346,1100.02,2026-08-06
DONATION-0106,DONOR-080,CASE-0231,621.84,2026-01-12
DONATION-0107,DONOR-088,CASE-0351,1172.56,2026-03-07
DONATION-0108,DONOR-029,CASE-0017,1849.01,2026-08-07
DONATION-0109,DONOR-010,CASE-0397,204.67,2025-12-07
DONATION-0110,DONOR-018,CASE-0399,1850.02,2026-05-08
DONATION-0111,DONOR-051,CASE-0018,343.65,2026-07-03
DONATION-0112,DONOR-074,CASE-0306,1436.71,2025-10-31
DONATION-0113,DONOR-013,CASE-0428,1005.92,2026-03-18
DONATION-0114,DONOR-036,CASE-0090,910.26,2026-01-09
DONATION-0115,DONOR-031,CASE-0261,380.59,2026-07-10
DONATION-0116,DONOR-038,CASE-0469,378.52,2026-07-08
DONATION-0117,DONOR-080,CASE-0470,1420.16,2026-08-09
DONATION-0118,DONOR-055,CASE-0080,228.41,2026-05-06
DONATION-0119,DONOR-065,CASE-0225,78.27,2025-12-21
DONATION-0120,DONOR-047,CASE-0340,2013.57,2026-06-22
DONATION-0121,DONOR-045,CASE-0032,2191.81,2026-07-26
DONATION-0122,DONOR-043,CASE-0016,1210.51,2025-08-27
DONATION-0123,DONOR-044,CASE-0117,224.56,2026-04-09
DONATION-0124,DONOR-066,CASE-0083,1128.39,2026-01-30
DONATION-0125,DONOR-013,CASE-0406,1764.20,2026-03-04
DONATION-0126,DONOR-039,CASE-0289,820.52,2026-07-29
DONATION-0127,DONOR-003,CASE-0276,207.31,2026-05-29
DONATION-0128,DONOR-097,CASE-0340,1686.35,2026-06-27
DONATION-0129,DONOR-088,CASE-0254,1910.44,2026-08-13
DONATION-0130,DONOR-058,CASE-0309,463.81,2026-09-04
DONATION-0131,DONOR-031,CASE-0240,1756.84,2026-08-20
DONATION-0132,DONOR-005,CASE-0128,1451.72,2026-06-18
DONATION-0133,DONOR-029,CASE-0260,1101.20,2025-11-14
DONATION-0134,DONOR-009,CASE-0338,507.59,2026-09-06
DONATION-0135,DONOR-069,CASE-0362,625.40,2026-08-22
DONATION-0136,DONOR-076,CASE-0232,1881.00,2026-08-16
DONATION-0137,DONOR-056,CASE-0397,461.10,2026-05-10
DONATION-0138,DONOR-096,CASE-0216,829.58,2026-05-21
DONATION-0139,DONOR-091,CASE-0280,1391.87,2026-06-28
DONATION-0140,DONOR-006,CASE-0129,768.66,2026-08-16
DONATION-0141,DONOR-044,CASE-0224,1918.56,2026-04-09
DONATION-0142,DONOR-053,CASE-0014,1898.54,2026-04-19
DONATION-0143,DONOR-100,CASE-0499,279.28,2026-08-31
DONATION-0144,DONOR-008,CASE-0425,664.43,2026-05-23
DONATION-0145,DONOR-092,CASE-0079,2060.94,2026-08-22
DONATION-0146,DONOR-048,CASE-0371,1441.34,2026-05-15
DONATION-0147,DONOR-072,CASE-0173,2305.92,2026-05-31
DONATION-0148,DONOR-027,CASE-0500,1885.08,2026-08-30
DONATION-0149,DONOR-072,CASE-0102,305.31,2026-02-18
DONATION-0150,DONOR-033,CASE-0395,2490.25,2026-03-18
DONATION-0151,DONOR-042,CASE-0035,650.99,2026-03-28
DONATION-0152,DONOR-065,CASE-0342,233.56,2026-09-06
DONATION-0153,DONOR-002,CASE-0172,2016.89,2026-06-16
DONATION-0154,DONOR-021,CASE-0376,2015.14,2025-11-24
DONATION-0155,DONOR-009,CASE-0058,161.00,2026-08-19
DONATION-0156,DONOR-085,CASE-0028,553.46,2026-03-14
DONATION-0157,DONOR-089,CASE-0150,1201.27,2026-06-21
DONATION-0158,DONOR-022,CASE-0427,1551.46,2026-08-06
DONATION-0159,DONOR-090,CASE-0023,1812.22,2026-08-21
DONATION-0160,DONOR-089,CASE-0378,2152.73,2026-07-27
DONATION-0161,DONOR-016,CASE-0003,1071.82,2025-11-05
DONATION-0162,DONOR-100,CASE-0258,892.90,2026-04-29
DONATION-0163,DONOR-043,CASE-0060,690.76,2025-11-28
DONATION-0164,DONOR-010,CASE-0330,874.69,2025-09-15
DONATION-0165,DONOR-030,CASE-0428,57.99,2026-04-18
DONATION-0166,DONOR-040,CASE-0406,1993.78,2026-08-06
DONATION-0167,DONOR-040,CASE-0156,734.58,2026-05-16
DONATION-0168,DONOR-063,CASE-0342,1966.33,2026-06-30
DONATION-0169,DONOR-034,CASE-0009,1830.80,2026-02-10
DONATION-0170,DONOR-089,CASE-0048,1198.55,2026-09-08
DONATION-0171,DONOR-079,CASE-0099,1151.70,2026-09-09
DONATION-0172,DONOR-086,CASE-0152,2277.35,2026-08-23
DONATION-0173,DONOR-079,CASE-0172,2074.65,2026-04-25
DONATION-0174,DONOR-091,CASE-0048,935.13,2026-08-28
DONATION-0175,DONOR-060,CASE-0271,103.60,2026-03-04
DONATION-0176,DONOR-059,CASE-0319,1364.59,2026-01-05
DONATION-0177,DONOR-033,CASE-0338,63.98,2026-07-08
DONATION-0178,DONOR-019,CASE-0491,1109.26,2026-08-01
DONATION-0179,DONOR-061,CASE-0450,2487.17,2026-05-21
DONATION-0180,DONOR-056,CASE-0364,1092.89,2026-07-24
DONATION-0181,DONOR-002,CASE-0199,2229.88,2026-05-03
DONATION-0182,DONOR-082,CASE-0200,136.46,2025-11-15
DONATION-0183,DONOR-074,CASE-0213,50.48,2026-06-15
DONATION-0184,DONOR-090,CASE-0248,987.82,2026-06-22
DONATION-0185,DONOR-007,CASE-0325,825.26,2025-12-10
DONATION-0186,DONOR-034,CASE-0292,57.14,2026-05-11
DONATION-0187,DONOR-014,CASE-0464,1223.40,2026-08-04
DONATION-0188,DONOR-052,CASE-0384,1082.57,2026-05-08
DONATION-0189,DONOR-089,CASE-0351,1968.11,2026-07-20
DONATION-0190,DONOR-033,CASE-0014,2467.65,2026-05-08
DONATION-0191,DONOR-047,CASE-0060,907.64,2025-12-06
DONATION-0192,DONOR-097,CASE-0351,1336.44,2025-10-06
DONATION-0193,DONOR-030,CASE-0335,703.45,2026-02-23
DONATION-0194,DONOR-007,CASE-0001,861.57,2026-08-26
DONATION-0195,DONOR-097,CASE-0312,1671.12,2026-06-10
DONATION-0196,DONOR-014,CASE-0188,1081.51,2026-05-29
DONATION-0197,DONOR-060,CASE-0139,2423.72,2025-11-05
DONATION-0198,DONOR-017,CASE-0314,1500.09,2026-02-11
DONATION-0199,DONOR-032,CASE-0313,736.31,2026-02-23
DONATION-0200,DONOR-060,CASE-0455,878.14,2026-06-26
DONATION-0201,DONOR-047,CASE-0473,636.92,2026-04-26
DONATION-0202,DONOR-061,CASE-0332,395.83,2026-08-26
DONATION-0203,DONOR-059,CASE-0191,1407.63,2026-09-08
DONATION-0204,DONOR-036,CASE-0368,786.09,2026-08-11
DONATION-0205,DONOR-005,CASE-0484,1421.65,2026-09-08
DONATION-0206,DONOR-029,CASE-0136,463.13,2026-09-06
DONATION-0207,DONOR-039,CASE-0211,1936.47,2025-10-11
DONATION-0208,DONOR-011,CASE-0106,2399.88,2026-03-10
DONATION-0209,DONOR-035,CASE-0250,2246.35,2026-03-13
DONATION-0210,DONOR-098,CASE-0186,1529.09,2026-01-16
DONATION-0211,DONOR-046,CASE-0034,2364.87,2026-04-05
DONATION-0212,DONOR-072,CASE-0304,1487.15,2026-04-21
DONATION-0213,DONOR-087,CASE-0392,1484.74,2026-06-20
DONATION-0214,DONOR-011,CASE-0403,882.44,2026-09-05
DONATION-0215,DONOR-007,CASE-0159,1117.55,2026-06-25
DONATION-0216,DONOR-038,CASE-0225,97.95,2025-12-18
DONATION-0217,DONOR-045,CASE-0003,1156.04,2026-09-04
DONATION-0218,DONOR-049,CASE-0307,723.39,2026-06-26
DONATION-0219,DONOR-051,CASE-0003,618.39,2026-07-10
DONATION-0220,DONOR-100,CASE-0276,1594.90,2026-04-14
DONATION-0221,DONOR-012,CASE-0098,630.71,2026-07-17
DONATION-0222,DONOR-024,CASE-0032,2053.35,2026-06-19
DONATION-0223,DONOR-071,CASE-0481,1360.27,2026-01-13
DONATION-0224,DONOR-090,CASE-0216,2429.49,2026-09-05
DONATION-0225,DONOR-019,CASE-0450,1740.90,2026-01-06
DONATION-0226,DONOR-052,CASE-0038,681.34,2025-06-30
DONATION-0227,DONOR-061,CASE-0448,1607.53,2026-08-29
DONATION-0228,DONOR-033,CASE-0309,2208.10,2026-08-23
DONATION-0229,DONOR-030,CASE-0460,1193.86,2026-06-10
DONATION-0230,DONOR-098,CASE-0133,1485.32,2026-07-28
DONATION-0231,DONOR-045,CASE-0466,2353.96,2025-10-31
DONATION-0232,DONOR-082,CASE-0104,659.99,2026-05-30
DONATION-0233,DONOR-083,CASE-0475,1936.37,2026-07-22
DONATION-0234,DONOR-095,CASE-0123,1165.92,2025-11-10
DONATION-0235,DONOR-014,CASE-0339,1856.71,2026-02-10
DONATION-0236,DONOR-093,CASE-0439,318.80,2026-04-05
DONATION-0237,DONOR-003,CASE-0125,1894.74,2026-09-05
DONATION-0238,DONOR-014,CASE-0235,1041.92,2026-01-12
DONATION-0239,DONOR-072,CASE-0110,2338.28,2026-08-29
DONATION-0240,DONOR-046,CASE-0375,352.18,2026-09-01
DONATION-0241,DONOR-022,CASE-0404,375.14,2026-08-28
DONATION-0242,DONOR-073,CASE-0264,1011.61,2025-11-06
DONATION-0243,DONOR-045,CASE-0217,2122.63,2026-08-04
DONATION-0244,DONOR-066,CASE-0238,1740.54,2026-08-01
DONATION-0245,DONOR-082,CASE-0002,2364.53,2026-06-22
DONATION-0246,DONOR-010,CASE-0327,2049.82,2026-07-14
DONATION-0247,DONOR-048,CASE-0082,1577.68,2025-12-24
DONATION-0248,DONOR-099,CASE-0496,934.06,2026-08-20
DONATION-0249,DONOR-075,CASE-0482,2327.94,2025-12-31
DONATION-0250,DONOR-092,CASE-0381,1621.20,2026-08-13
DONATION-0251,DONOR-055,CASE-0106,2214.19,2025-11-14
DONATION-0252,DONOR-077,CASE-0416,2433.71,2025-07-06
DONATION-0253,DONOR-016,CASE-0430,2338.71,2026-03-27
DONATION-0254,DONOR-036,CASE-0161,1258.19,2025-05-16
DONATION-0255,DONOR-006,CASE-0383,1006.49,2026-07-08
DONATION-0256,DONOR-070,CASE-0132,1070.40,2026-03-16
DONATION-0257,DONOR-043,CASE-0170,459.05,2026-06-15
DONATION-0258,DONOR-094,CASE-0437,1672.35,2026-01-04
DONATION-0259,DONOR-001,CASE-0043,1330.80,2026-07-25
DONATION-0260,DONOR-016,CASE-0202,1940.93,2025-12-20
DONATION-0261,DONOR-033,CASE-0040,1787.41,2026-09-04
DONATION-0262,DONOR-095,CASE-0048,161.74,2026-09-04
DONATION-0263,DONOR-070,CASE-0182,467.85,2025-08-17
DONATION-0264,DONOR-017,CASE-0309,1514.97,2026-08-27
DONATION-0265,DONOR-032,CASE-0269,775.52,2026-09-02
DONATION-0266,DONOR-003,CASE-0217,1243.98,2026-06-28
DONATION-0267,DONOR-012,CASE-0291,1819.03,2025-06-29
DONATION-0268,DONOR-064,CASE-0398,2430.87,2026-07-02
DONATION-0269,DONOR-074,CASE-0191,1866.14,2026-08-26
DONATION-0270,DONOR-018,CASE-0178,2310.69,2026-07-19
DONATION-0271,DONOR-035,CASE-0295,292.12,2026-03-13
DONATION-0272,DONOR-074,CASE-0294,1389.56,2026-09-09
DONATION-0273,DONOR-011,CASE-0472,1855.76,2026-06-04
DONATION-0274,DONOR-005,CASE-0106,934.99,2026-04-11
DONATION-0275,DONOR-046,CASE-0362,1619.14,2026-03-22
DONATION-0276,DONOR-033,CASE-0389,1832.03,2025-11-25
DONATION-0277,DONOR-026,CASE-0350,1543.67,2025-11-23
DONATION-0278,DONOR-002,CASE-0145,423.12,2026-01-11
DONATION-0279,DONOR-011,CASE-0308,1663.22,2026-07-23
DONATION-0280,DONOR-063,CASE-0087,1139.06,2026-05-10
DONATION-0281,DONOR-099,CASE-0424,1313.14,2026-08-07
DONATION-0282,DONOR-024,CASE-0084,1189.27,2025-12-27
DONATION-0283,DONOR-007,CASE-0228,2111.51,2026-07-22
DONATION-0284,DONOR-063,CASE-0182,2285.69,2026-01-12
DONATION-0285,DONOR-027,CASE-0473,1809.85,2026-05-23
DONATION-0286,DONOR-091,CASE-0007,733.05,2026-09-06
DONATION-0287,DONOR-092,CASE-0028,2071.43,2025-07-06
DONATION-0288,DONOR-003,CASE-0496,176.43,2026-06-30
DONATION-0289,DONOR-070,CASE-0448,583.90,2026-09-04
DONATION-0290,DONOR-079,CASE-0133,753.51,2026-05-18
DONATION-0291,DONOR-009,CASE-0166,795.67,2026-02-03
DONATION-0292,DONOR-058,CASE-0150,58.74,2026-08-04
DONATION-0293,DONOR-010,CASE-0443,1323.04,2025-12-14
DONATION-0294,DONOR-076,CASE-0104,229.89,2026-01-01
DONATION-0295,DONOR-020,CASE-0477,1545.87,2026-09-02
DONATION-0296,DONOR-058,CASE-0494,2216.55,2026-05-19
DONATION-0297,DONOR-036,CASE-0260,1397.41,2025-10-02
DONATION-0298,DONOR-070,CASE-0265,234.40,2025-12-11
DONATION-0299,DONOR-094,CASE-0265,2091.53,2025-11-27
DONATION-0300,DONOR-081,CASE-0420,2304.46,2026-09-09
DONATION-0301,DONOR-035,CASE-0038,1397.83,2026-05-20
DONATION-0302,DONOR-011,CASE-0238,50.11,2026-07-09
DONATION-0303,DONOR-075,CASE-0213,494.64,2025-11-17
DONATION-0304,DONOR-007,CASE-0432,2349.42,2025-08-13
DONATION-0305,DONOR-002,CASE-0476,1368.62,2026-07-19
DONATION-0306,DONOR-055,CASE-0462,1409.51,2026-02-27
DONATION-0307,DONOR-095,CASE-0082,363.99,2025-12-15
DONATION-0308,DONOR-083,CASE-0165,1144.37,2026-05-04
DONATION-0309,DONOR-058,CASE-0023,1349.20,2026-07-05
DONATION-0310,DONOR-024,CASE-0495,1974.98,2026-08-07
DONATION-0311,DONOR-093,CASE-0494,117.75,2026-07-11
DONATION-0312,DONOR-061,CASE-0030,114.11,2026-03-04
DONATION-0313,DONOR-070,CASE-0121,784.30,2026-07-02
DONATION-0314,DONOR-074,CASE-0494,518.74,2026-03-12
DONATION-0315,DONOR-058,CASE-0218,2362.70,2026-03-22
DONATION-0316,DONOR-015,CASE-0418,93.90,2026-06-30
DONATION-0317,DONOR-008,CASE-0325,1840.30,2026-03-31
DONATION-0318,DONOR-060,CASE-0223,208.04,2026-08-17
DONATION-0319,DONOR-010,CASE-0201,1927.42,2026-02-28
DONATION-0320,DONOR-024,CASE-0023,1889.19,2026-07-08
DONATION-0321,DONOR-042,CASE-0356,2108.95,2026-01-14
DONATION-0322,DONOR-034,CASE-0165,721.57,2026-04-18
DONATION-0323,DONOR-051,CASE-0056,1331.31,2025-11-24
DONATION-0324,DONOR-013,CASE-0008,588.37,2026-01-27
DONATION-0325,DONOR-065,CASE-0484,223.08,2026-08-30
DONATION-0326,DONOR-023,CASE-0485,1173.53,2026-07-25
DONATION-0327,DONOR-029,CASE-0028,812.98,2025-08-25
DONATION-0328,DONOR-004,CASE-0190,785.85,2025-11-25
DONATION-0329,DONOR-077,CASE-0233,1821.11,2026-06-11
DONATION-0330,DONOR-096,CASE-0242,994.33,2026-01-16
DONATION-0331,DONOR-073,CASE-0482,1859.49,2025-12-11
DONATION-0332,DONOR-018,CASE-0003,1121.26,2026-09-06
DONATION-0333,DONOR-025,CASE-0264,1948.45,2025-12-09
DONATION-0334,DONOR-035,CASE-0076,2311.10,2026-07-24
DONATION-0335,DONOR-006,CASE-0174,701.99,2026-07-27
DONATION-0336,DONOR-002,CASE-0333,2443.37,2026-09-06
DONATION-0337,DONOR-079,CASE-0189,620.27,2026-08-14
DONATION-0338,DONOR-039,CASE-0330,445.55,2025-10-23
DONATION-0339,DONOR-062,CASE-0098,908.03,2026-02-21
DONATION-0340,DONOR-019,CASE-0126,2254.78,2026-02-27
DONATION-0341,DONOR-031,CASE-0185,57.56,2026-06-02
DONATION-0342,DONOR-090,CASE-0238,62.00,2026-05-21
DONATION-0343,DONOR-065,CASE-0207,1624.66,2026-07-22
DONATION-0344,DONOR-058,CASE-0085,748.29,2025-08-03
DONATION-0345,DONOR-025,CASE-0172,2190.67,2026-03-03
DONATION-0346,DONOR-035,CASE-0220,1051.75,2025-08-31
DONATION-0347,DONOR-085,CASE-0221,986.54,2026-08-06
DONATION-0348,DONOR-097,CASE-0254,1445.51,2026-03-07
DONATION-0349,DONOR-076,CASE-0328,1867.48,2026-08-14
DONATION-0350,DONOR-093,CASE-0446,1119.78,2026-08-10
DONATION-0351,DONOR-071,CASE-0090,874.95,2026-07-04
DONATION-0352,DONOR-050,CASE-0340,2397.08,2026-03-15
DONATION-0353,DONOR-092,CASE-0356,1967.89,2026-08-27
DONATION-0354,DONOR-034,CASE-0081,191.70,2025-10-01
DONATION-0355,DONOR-084,CASE-0123,2000.82,2026-02-15
DONATION-0356,DONOR-091,CASE-0148,1702.98,2026-06-25
DONATION-0357,DONOR-034,CASE-0464,2130.83,2026-05-17
DONATION-0358,DONOR-026,CASE-0002,2440.72,2026-06-26
DONATION-0359,DONOR-064,CASE-0184,63.78,2026-03-09
DONATION-0360,DONOR-001,CASE-0112,245.72,2026-08-21
DONATION-0361,DONOR-093,CASE-0264,475.28,2026-07-20
DONATION-0362,DONOR-062,CASE-0316,1502.00,2026-06-09
DONATION-0363,DONOR-051,CASE-0054,1973.38,2026-07-04
DONATION-0364,DONOR-082,CASE-0268,2298.95,2026-07-06
DONATION-0365,DONOR-096,CASE-0340,1498.67,2026-07-26
DONATION-0366,DONOR-080,CASE-0157,179.55,2026-04-11
DONATION-0367,DONOR-069,CASE-0159,2124.11,2026-06-19
DONATION-0368,DONOR-023,CASE-0472,1936.48,2026-08-02
DONATION-0369,DONOR-045,CASE-0129,188.12,2026-07-27
DONATION-0370,DONOR-086,CASE-0354,2008.66,2026-04-02
DONATION-0371,DONOR-073,CASE-0485,2383.69,2026-03-05
DONATION-0372,DONOR-029,CASE-0009,630.83,2026-01-01
DONATION-0373,DONOR-055,CASE-0166,775.93,2026-07-21
DONATION-0374,DONOR-073,CASE-0051,1648.83,2026-05-16
DONATION-0375,DONOR-074,CASE-0195,972.86,2026-06-09
DONATION-0376,DONOR-060,CASE-0321,2048.98,2026-09-09
DONATION-0377,DONOR-048,CASE-0335,1429.52,2026-02-11
DONATION-0378,DONOR-029,CASE-0119,191.10,2025-12-19
DONATION-0379,DONOR-092,CASE-0345,184.29,2026-05-24
DONATION-0380,DONOR-076,CASE-0112,341.97,2026-08-16
DONATION-0381,DONOR-043,CASE-0282,760.01,2026-03-14
DONATION-0382,DONOR-046,CASE-0365,1234.44,2025-06-28
DONATION-0383,DONOR-078,CASE-0140,2385.75,2025-12-21
DONATION-0384,DONOR-041,CASE-0418,95.95,2026-07-25
DONATION-0385,DONOR-091,CASE-0344,906.76,2026-08-14
DONATION-0386,DONOR-041,CASE-0065,1390.21,2026-04-24
DONATION-0387,DONOR-037,CASE-0310,2061.09,2026-02-06
DONATION-0388,DONOR-053,CASE-0387,1235.28,2026-06-06
DONATION-0389,DONOR-028,CASE-0326,97.34,2026-08-27
DONATION-0390,DONOR-053,CASE-0429,839.95,2026-02-26
DONATION-0391,DONOR-094,CASE-0174,2205.42,2026-07-29
DONATION-0392,DONOR-090,CASE-0170,114.62,2026-03-04
DONATION-0393,DONOR-088,CASE-0339,1235.59,2026-07-22
DONATION-0394,DONOR-041,CASE-0161,644.24,2026-02-19
DONATION-0395,DONOR-098,CASE-0195,2469.49,2026-07-15
DONATION-0396,DONOR-092,CASE-0465,804.00,2026-06-14
DONATION-0397,DONOR-038,CASE-0470,423.11,2026-04-05
DONATION-0398,DONOR-040,CASE-0137,848.02,2026-03-20
DONATION-0399,DONOR-095,CASE-0092,1293.51,2026-08-31
DONATION-0400,DONOR-032,CASE-0056,476.87,2026-08-30
DONATION-0401,DONOR-039,CASE-0032,63.44,2026-09-04
DONATION-0402,DONOR-089,CASE-0140,1727.13,2026-07-27
DONATION-0403,DONOR-042,CASE-0043,2199.36,2026-04-13
DONATION-0404,DONOR-023,CASE-0014,306.70,2026-08-28
DONATION-0405,DONOR-075,CASE-0072,2245.00,2026-01-02
DONATION-0406,DONOR-018,CASE-0298,1407.51,2026-08-24
DONATION-0407,DONOR-051,CASE-0145,2388.48,2025-12-24
DONATION-0408,DONOR-091,CASE-0149,2467.92,2026-08-27
DONATION-0409,DONOR-075,CASE-0377,1786.31,2025-10-29
DONATION-0410,DONOR-015,CASE-0016,134.69,2026-08-26
DONATION-0411,DONOR-090,CASE-0002,171.39,2026-06-13
DONATION-0412,DONOR-001,CASE-0157,2446.15,2026-05-04
DONATION-0413,DONOR-031,CASE-0270,1238.59,2026-05-04
DONATION-0414,DONOR-038,CASE-0145,997.66,2025-08-01
DONATION-0415,DONOR-067,CASE-0080,1250.06,2026-02-14
DONATION-0416,DONOR-088,CASE-0011,959.98,2026-06-27
DONATION-0417,DONOR-068,CASE-0436,1056.62,2026-08-15
DONATION-0418,DONOR-013,CASE-0394,868.74,2026-07-06
DONATION-0419,DONOR-038,CASE-0072,116.91,2025-09-05
DONATION-0420,DONOR-051,CASE-0259,159.48,2026-05-22
DONATION-0421,DONOR-015,CASE-0251,313.81,2026-09-01
DONATION-0422,DONOR-056,CASE-0214,1107.90,2026-05-31
DONATION-0423,DONOR-037,CASE-0374,921.90,2026-09-09
DONATION-0424,DONOR-066,CASE-0381,1785.00,2026-08-08
DONATION-0425,DONOR-055,CASE-0337,861.35,2026-04-23
DONATION-0426,DONOR-002,CASE-0414,582.86,2026-06-07
DONATION-0427,DONOR-025,CASE-0064,2250.16,2026-01-12
DONATION-0428,DONOR-086,CASE-0027,1269.41,2025-10-24
DONATION-0429,DONOR-082,CASE-0351,96.56,2026-04-02
DONATION-0430,DONOR-049,CASE-0179,1152.92,2026-08-31
DONATION-0431,DONOR-077,CASE-0302,1300.79,2026-09-09
DONATION-0432,DONOR-021,CASE-0291,2478.51,2025-12-12
DONATION-0433,DONOR-028,CASE-0080,304.79,2026-06-08
DONATION-0434,DONOR-091,CASE-0348,71.02,2026-07-31
DONATION-0435,DONOR-077,CASE-0267,692.08,2026-08-18
DONATION-0436,DONOR-095,CASE-0232,2352.90,2026-05-22
DONATION-0437,DONOR-089,CASE-0492,1898.12,2025-11-12
DONATION-0438,DONOR-085,CASE-0071,663.19,2026-07-09
DONATION-0439,DONOR-077,CASE-0361,123.38,2025-11-23
DONATION-0440,DONOR-065,CASE-0094,1920.64,2025-06-04
DONATION-0441,DONOR-092,CASE-0306,684.78,2026-04-23
DONATION-0442,DONOR-042,CASE-0323,1827.55,2026-03-28
DONATION-0443,DONOR-038,CASE-0476,1671.55,2026-06-21
DONATION-0444,DONOR-020,CASE-0310,894.70,2026-06-09
DONATION-0445,DONOR-065,CASE-0424,375.40,2026-07-24
DONATION-0446,DONOR-032,CASE-0167,195.19,2026-07-29
DONATION-0447,DONOR-002,CASE-0331,1365.35,2026-03-21
DONATION-0448,DONOR-078,CASE-0155,500.41,2026-09-05
DONATION-0449,DONOR-086,CASE-0451,1757.97,2026-08-01
DONATION-0450,DONOR-084,CASE-0380,848.14,2026-03-15
DONATION-0451,DONOR-005,CASE-0130,1682.95,2026-01-16
DONATION-0452,DONOR-042,CASE-0156,537.49,2026-04-07
DONATION-0453,DONOR-053,CASE-0472,1595.11,2026-06-06
DONATION-0454,DONOR-045,CASE-0480,50.72,2026-06-17
DONATION-0455,DONOR-075,CASE-0143,2201.23,2026-08-30
DONATION-0456,DONOR-008,CASE-0464,2011.13,2026-09-04
DONATION-0457,DONOR-053,CASE-0228,1175.09,2026-07-28
DONATION-0458,DONOR-075,CASE-0440,1771.79,2026-08-21
DONATION-0459,DONOR-015,CASE-0210,1135.40,2026-08-17
DONATION-0460,DONOR-096,CASE-0394,937.05,2025-10-15
DONATION-0461,DONOR-054,CASE-0491,2438.77,2026-08-25
DONATION-0462,DONOR-021,CASE-0225,1041.06,2025-12-29
DONATION-0463,DONOR-062,CASE-0342,803.95,2026-06-15
DONATION-0464,DONOR-002,CASE-0433,489.00,2025-09-29
DONATION-0465,DONOR-046,CASE-0026,2103.66,2025-07-28
DONATION-0466,DONOR-092,CASE-0245,1353.46,2026-02-19
DONATION-0467,DONOR-084,CASE-0098,1780.58,2026-06-24
DONATION-0468,DONOR-021,CASE-0259,384.11,2026-01-11
DONATION-0469,DONOR-091,CASE-0384,665.62,2025-11-19
DONATION-0470,DONOR-087,CASE-0303,231.93,2026-08-14
DONATION-0471,DONOR-059,CASE-0427,1746.85,2026-08-30
DONATION-0472,DONOR-063,CASE-0411,1464.09,2026-06-06
DONATION-0473,DONOR-020,CASE-0193,933.30,2026-08-30
DONATION-0474,DONOR-017,CASE-0257,300.60,2026-06-10
DONATION-0475,DONOR-043,CASE-0352,592.91,2026-08-16
DONATION-0476,DONOR-027,CASE-0496,617.99,2026-08-06
DONATION-0477,DONOR-051,CASE-0435,2251.84,2026-04-27
DONATION-0478,DONOR-017,CASE-0391,863.22,2026-09-09
DONATION-0479,DONOR-039,CASE-0205,2324.66,2026-08-28
DONATION-0480,DONOR-075,CASE-0045,1410.93,2026-08-05
DONATION-0481,DONOR-011,CASE-0270,1737.41,2026-04-12
DONATION-0482,DONOR-026,CASE-0177,1551.43,2026-03-10
DONATION-0483,DONOR-091,CASE-0250,607.89,2026-01-29
DONATION-0484,DONOR-011,CASE-0393,1976.48,2026-06-30
DONATION-0485,DONOR-017,CASE-0416,583.11,2026-08-11
DONATION-0486,DONOR-010,CASE-0397,1455.23,2026-08-05
DONATION-0487,DONOR-063,CASE-0193,2172.56,2026-09-03
DONATION-0488,DONOR-083,CASE-0047,467.51,2025-09-01
DONATION-0489,DONOR-027,CASE-0157,1009.27,2026-04-14
DONATION-0490,DONOR-026,CASE-0043,1314.67,2025-09-25
DONATION-0491,DONOR-044,CASE-0172,1361.43,2025-11-27
DONATION-0492,DONOR-056,CASE-0174,1760.95,2026-08-17
DONATION-0493,DONOR-042,CASE-0076,97.58,2026-02-23
DONATION-0494,DONOR-031,CASE-0167,270.14,2026-08-15
DONATION-0495,DONOR-069,CASE-0387,1431.30,2026-09-04
DONATION-0496,DONOR-002,CASE-0108,233.53,2026-08-29
DONATION-0497,DONOR-014,CASE-0338,849.62,2026-08-29
DONATION-0498,DONOR-010,CASE-0382,1541.24,2026-06-19
DONATION-0499,DONOR-077,CASE-0378,2366.61,2026-03-30
DONATION-0500,DONOR-088,CASE-0184,698.97,2026-02-10
DONATION-0501,DONOR-076,CASE-0311,301.29,2025-12-19
DONATION-0502,DONOR-009,CASE-0098,510.83,2026-07-01
DONATION-0503,DONOR-004,CASE-0279,298.96,2026-08-08
DONATION-0504,DONOR-073,CASE-0412,1372.45,2026-07-21
DONATION-0505,DONOR-060,CASE-0060,233.32,2026-04-03
DONATION-0506,DONOR-008,CASE-0472,1103.58,2026-08-10
DONATION-0507,DONOR-018,CASE-0127,1212.32,2026-04-25
DONATION-0508,DONOR-095,CASE-0308,874.33,2026-02-13
DONATION-0509,DONOR-035,CASE-0309,300.47,2026-08-23
DONATION-0510,DONOR-019,CASE-0294,844.64,2026-08-29
DONATION-0511,DONOR-064,CASE-0220,235.67,2025-09-21
DONATION-0512,DONOR-016,CASE-0101,1071.19,2025-12-21
DONATION-0513,DONOR-083,CASE-0136,1349.35,2026-08-09
DONATION-0514,DONOR-004,CASE-0011,473.81,2025-08-05
DONATION-0515,DONOR-024,CASE-0077,1386.69,2026-08-27
DONATION-0516,DONOR-032,CASE-0077,2054.80,2026-01-29
DONATION-0517,DONOR-002,CASE-0068,1262.95,2026-05-15
DONATION-0518,DONOR-050,CASE-0372,1947.05,2026-08-22
DONATION-0519,DONOR-012,CASE-0014,286.05,2026-06-11
DONATION-0520,DONOR-092,CASE-0129,1286.24,2026-08-15
DONATION-0521,DONOR-038,CASE-0237,910.21,2026-08-01
DONATION-0522,DONOR-059,CASE-0464,61.04,2025-12-06
DONATION-0523,DONOR-057,CASE-0408,429.47,2026-05-14
DONATION-0524,DONOR-090,CASE-0400,1529.81,2025-10-27
DONATION-0525,DONOR-077,CASE-0041,396.30,2026-08-16
DONATION-0526,DONOR-037,CASE-0413,787.62,2026-07-27
DONATION-0527,DONOR-029,CASE-0432,825.86,2026-07-11
DONATION-0528,DONOR-044,CASE-0348,1899.40,2026-07-06
DONATION-0529,DONOR-056,CASE-0101,2363.58,2025-05-21
DONATION-0530,DONOR-042,CASE-0306,279.80,2026-08-28
DONATION-0531,DONOR-078,CASE-0359,630.96,2026-05-28
DONATION-0532,DONOR-061,CASE-0085,933.97,2026-08-27
DONATION-0533,DONOR-091,CASE-0366,585.78,2026-07-10
DONATION-0534,DONOR-053,CASE-0411,2284.63,2026-04-02
DONATION-0535,DONOR-084,CASE-0118,1661.14,2026-08-14
DONATION-0536,DONOR-042,CASE-0461,1983.69,2025-04-12
DONATION-0537,DONOR-080,CASE-0428,385.99,2026-07-09
DONATION-0538,DONOR-055,CASE-0004,1208.16,2026-05-01
DONATION-0539,DONOR-051,CASE-0226,2376.97,2026-02-16
DONATION-0540,DONOR-021,CASE-0283,977.90,2025-11-27
DONATION-0541,DONOR-036,CASE-0107,1498.54,2025-09-08
DONATION-0542,DONOR-005,CASE-0165,2317.10,2026-04-30
DONATION-0543,DONOR-007,CASE-0254,240.09,2026-06-18
DONATION-0544,DONOR-074,CASE-0394,208.43,2025-11-21
DONATION-0545,DONOR-088,CASE-0082,244.89,2026-02-01
DONATION-0546,DONOR-013,CASE-0446,865.69,2026-08-07
DONATION-0547,DONOR-043,CASE-0170,489.35,2026-02-19
DONATION-0548,DONOR-008,CASE-0228,881.37,2026-08-12
DONATION-0549,DONOR-063,CASE-0129,1039.16,2026-08-17
DONATION-0550,DONOR-093,CASE-0390,1298.11,2026-02-01
DONATION-0551,DONOR-037,CASE-0219,1843.33,2026-05-14
DONATION-0552,DONOR-061,CASE-0360,1130.69,2026-06-15
DONATION-0553,DONOR-018,CASE-0357,1154.18,2026-07-08
DONATION-0554,DONOR-023,CASE-0393,448.78,2025-08-04
DONATION-0555,DONOR-097,CASE-0367,2385.28,2026-05-23
DONATION-0556,DONOR-021,CASE-0212,2397.55,2026-08-06
DONATION-0557,DONOR-014,CASE-0361,1623.12,2025-11-28
DONATION-0558,DONOR-036,CASE-0171,2215.42,2026-02-09
DONATION-0559,DONOR-040,CASE-0303,588.59,2026-09-08
DONATION-0560,DONOR-065,CASE-0021,2066.12,2026-08-28
DONATION-0561,DONOR-015,CASE-0215,969.46,2026-06-19
DONATION-0562,DONOR-025,CASE-0089,1093.24,2026-08-09
DONATION-0563,DONOR-016,CASE-0094,1815.71,2025-10-05
DONATION-0564,DONOR-006,CASE-0265,600.16,2025-10-13
DONATION-0565,DONOR-016,CASE-0080,694.14,2026-03-26
DONATION-0566,DONOR-020,CASE-0437,1420.20,2026-08-06
DONATION-0567,DONOR-063,CASE-0054,2448.92,2026-07-04
DONATION-0568,DONOR-031,CASE-0254,75.92,2026-02-20
DONATION-0569,DONOR-067,CASE-0485,91.07,2026-03-20
DONATION-0570,DONOR-064,CASE-0130,206.69,2025-09-25
DONATION-0571,DONOR-069,CASE-0079,2499.74,2026-07-05
DONATION-0572,DONOR-054,CASE-0068,1686.33,2025-08-19
DONATION-0573,DONOR-099,CASE-0123,115.77,2025-09-23
DONATION-0574,DONOR-091,CASE-0276,1144.19,2026-04-18
DONATION-0575,DONOR-011,CASE-0078,1528.49,2025-10-24
DONATION-0576,DONOR-082,CASE-0148,2450.78,2026-01-20
DONATION-0577,DONOR-061,CASE-0216,374.79,2025-12-08
DONATION-0578,DONOR-018,CASE-0084,2015.43,2025-09-16
DONATION-0579,DONOR-046,CASE-0464,53.51,2026-06-23
DONATION-0580,DONOR-015,CASE-0251,1782.47,2026-08-06
DONATION-0581,DONOR-080,CASE-0269,2154.30,2026-07-18
DONATION-0582,DONOR-001,CASE-0137,1016.90,2026-06-28
DONATION-0583,DONOR-090,CASE-0339,242.80,2026-01-19
DONATION-0584,DONOR-084,CASE-0457,871.69,2026-08-26
DONATION-0585,DONOR-063,CASE-0151,1031.56,2026-08-17
DONATION-0586,DONOR-012,CASE-0020,1551.13,2026-04-23
DONATION-0587,DONOR-058,CASE-0316,954.66,2026-03-15
DONATION-0588,DONOR-062,CASE-0030,416.62,2025-11-29
DONATION-0589,DONOR-013,CASE-0233,656.98,2026-08-13
DONATION-0590,DONOR-078,CASE-0394,69.06,2026-04-12
DONATION-0591,DONOR-095,CASE-0496,1601.19,2026-06-22
DONATION-0592,DONOR-079,CASE-0285,1724.05,2026-07-20
DONATION-0593,DONOR-044,CASE-0475,457.74,2026-08-12
DONATION-0594,DONOR-066,CASE-0330,102.98,2025-11-11
DONATION-0595,DONOR-030,CASE-0124,465.15,2025-12-04
DONATION-0596,DONOR-051,CASE-0009,66.69,2025-11-29
DONATION-0597,DONOR-001,CASE-0022,296.13,2026-09-06
DONATION-0598,DONOR-033,CASE-0319,459.20,2026-06-11
DONATION-0599,DONOR-004,CASE-0238,98.42,2026-07-31
DONATION-0600,DONOR-022,CASE-0397,989.70,2025-09-20
DONATION-0601,DONOR-050,CASE-0059,84.75,2026-01-01
DONATION-0602,DONOR-002,CASE-0309,228.12,2026-09-04
DONATION-0603,DONOR-004,CASE-0474,1792.41,2026-08-12
DONATION-0604,DONOR-071,CASE-0089,644.16,2026-05-21
DONATION-0605,DONOR-079,CASE-0187,1332.21,2025-11-20
DONATION-0606,DONOR-067,CASE-0214,983.26,2025-09-11
DONATION-0607,DONOR-059,CASE-0019,1774.74,2026-06-24
DONATION-0608,DONOR-098,CASE-0435,1510.92,2026-08-10
DONATION-0609,DONOR-088,CASE-0386,916.70,2026-08-16
DONATION-0610,DONOR-068,CASE-0237,1728.02,2026-06-28
DONATION-0611,DONOR-050,CASE-0236,1360.37,2026-05-29
DONATION-0612,DONOR-003,CASE-0068,108.56,2025-12-31
DONATION-0613,DONOR-011,CASE-0219,346.09,2026-06-17
DONATION-0614,DONOR-088,CASE-0243,1517.78,2026-09-08
DONATION-0615,DONOR-009,CASE-0128,1883.64,2026-07-07
DONATION-0616,DONOR-073,CASE-0223,932.49,2026-04-24
DONATION-0617,DONOR-009,CASE-0222,983.56,2026-01-07
DONATION-0618,DONOR-096,CASE-0336,989.85,2026-01-30
DONATION-0619,DONOR-058,CASE-0343,1417.56,2025-10-24
DONATION-0620,DONOR-068,CASE-0139,1244.29,2026-08-09
DONATION-0621,DONOR-015,CASE-0037,1208.81,2025-05-19
DONATION-0622,DONOR-078,CASE-0178,301.92,2026-08-29
DONATION-0623,DONOR-075,CASE-0401,728.51,2026-08-17
DONATION-0624,DONOR-079,CASE-0450,2144.79,2025-10-29
DONATION-0625,DONOR-085,CASE-0268,359.54,2025-11-06
DONATION-0626,DONOR-023,CASE-0075,944.18,2026-07-16
DONATION-0627,DONOR-088,CASE-0074,892.56,2025-09-06
DONATION-0628,DONOR-077,CASE-0303,1549.26,2026-08-07
DONATION-0629,DONOR-028,CASE-0264,281.38,2026-07-07
DONATION-0630,DONOR-058,CASE-0331,1260.63,2026-08-02
DONATION-0631,DONOR-098,CASE-0165,874.36,2026-01-05
DONATION-0632,DONOR-059,CASE-0004,1250.31,2025-10-27
DONATION-0633,DONOR-015,CASE-0469,535.70,2026-07-24
DONATION-0634,DONOR-096,CASE-0111,1659.04,2025-06-05
DONATION-0635,DONOR-071,CASE-0078,1678.91,2026-04-14
DONATION-0636,DONOR-053,CASE-0346,510.51,2026-06-24
DONATION-0637,DONOR-036,CASE-0357,905.13,2026-01-15
DONATION-0638,DONOR-032,CASE-0257,796.19,2026-07-02
DONATION-0639,DONOR-008,CASE-0195,869.34,2026-03-03
DONATION-0640,DONOR-083,CASE-0163,1126.79,2026-08-24
DONATION-0641,DONOR-089,CASE-0421,2067.59,2026-03-23
DONATION-0642,DONOR-083,CASE-0474,1978.05,2025-11-07
DONATION-0643,DONOR-087,CASE-0223,891.54,2026-01-28
DONATION-0644,DONOR-020,CASE-0490,322.70,2026-09-06
DONATION-0645,DONOR-047,CASE-0330,573.61,2026-03-08
DONATION-0646,DONOR-088,CASE-0432,539.89,2025-08-12
DONATION-0647,DONOR-097,CASE-0500,1536.32,2026-09-06
DONATION-0648,DONOR-003,CASE-0161,1079.71,2025-12-16
DONATION-0649,DONOR-042,CASE-0325,145.50,2026-01-10
DONATION-0650,DONOR-084,CASE-0333,2393.41,2026-06-24
DONATION-0651,DONOR-007,CASE-0231,2036.57,2025-10-21
DONATION-0652,DONOR-089,CASE-0086,1918.79,2026-08-30
DONATION-0653,DONOR-040,CASE-0351,363.27,2026-05-16
DONATION-0654,DONOR-071,CASE-0474,503.51,2026-01-16
DONATION-0655,DONOR-017,CASE-0109,903.67,2026-06-25
DONATION-0656,DONOR-073,CASE-0486,1907.03,2025-08-13
DONATION-0657,DONOR-074,CASE-0088,683.27,2026-05-29
DONATION-0658,DONOR-018,CASE-0415,571.99,2026-07-24
DONATION-0659,DONOR-088,CASE-0031,1240.55,2026-08-23
DONATION-0660,DONOR-091,CASE-0448,1955.10,2026-09-09
DONATION-0661,DONOR-070,CASE-0220,197.26,2026-08-05
DONATION-0662,DONOR-083,CASE-0460,2296.92,2026-07-22
DONATION-0663,DONOR-098,CASE-0257,281.37,2026-05-01
DONATION-0664,DONOR-065,CASE-0323,1316.15,2025-12-26
DONATION-0665,DONOR-014,CASE-0449,1878.31,2026-07-24
DONATION-0666,DONOR-056,CASE-0283,482.20,2025-08-26
DONATION-0667,DONOR-014,CASE-0494,51.92,2026-05-25
DONATION-0668,DONOR-038,CASE-0436,1871.01,2026-08-21
DONATION-0669,DONOR-020,CASE-0152,1157.94,2026-08-25
DONATION-0670,DONOR-084,CASE-0030,1254.51,2026-05-10
DONATION-0671,DONOR-071,CASE-0452,104.94,2026-05-20
DONATION-0672,DONOR-095,CASE-0248,160.67,2026-06-15
DONATION-0673,DONOR-012,CASE-0417,611.05,2026-09-07
DONATION-0674,DONOR-062,CASE-0349,428.77,2026-08-26
DONATION-0675,DONOR-013,CASE-0029,2174.93,2026-05-17
DONATION-0676,DONOR-017,CASE-0041,251.96,2026-09-08
DONATION-0677,DONOR-095,CASE-0006,1814.52,2026-08-21
DONATION-0678,DONOR-098,CASE-0335,1677.44,2026-06-21
DONATION-0679,DONOR-066,CASE-0349,792.97,2026-09-05
DONATION-0680,DONOR-082,CASE-0217,503.58,2026-05-09
DONATION-0681,DONOR-073,CASE-0034,1654.09,2026-01-09
DONATION-0682,DONOR-008,CASE-0473,1368.97,2026-08-23
DONATION-0683,DONOR-007,CASE-0032,135.66,2026-02-15
DONATION-0684,DONOR-022,CASE-0431,302.47,2026-07-29
DONATION-0685,DONOR-081,CASE-0301,313.35,2026-04-21
DONATION-0686,DONOR-015,CASE-0387,1515.51,2026-05-03
DONATION-0687,DONOR-016,CASE-0443,1465.76,2025-09-04
DONATION-0688,DONOR-047,CASE-0470,614.23,2026-05-08
DONATION-0689,DONOR-070,CASE-0450,926.23,2025-12-25
DONATION-0690,DONOR-035,CASE-0435,538.57,2026-09-04
DONATION-0691,DONOR-096,CASE-0138,1472.31,2026-06-12
DONATION-0692,DONOR-068,CASE-0145,1932.19,2026-08-25
DONATION-0693,DONOR-055,CASE-0032,175.54,2026-06-07
DONATION-0694,DONOR-056,CASE-0218,643.72,2026-06-05
DONATION-0695,DONOR-057,CASE-0200,1672.53,2026-08-12
DONATION-0696,DONOR-094,CASE-0388,1470.29,2026-01-14
DONATION-0697,DONOR-007,CASE-0292,1158.86,2026-05-25
DONATION-0698,DONOR-084,CASE-0058,216.06,2026-08-26
DONATION-0699,DONOR-064,CASE-0057,303.23,2025-08-19
DONATION-0700,DONOR-021,CASE-0188,1394.05,2026-04-17
DONATION-0701,DONOR-084,CASE-0436,1129.38,2026-08-06
DONATION-0702,DONOR-051,CASE-0133,582.47,2026-08-15
DONATION-0703,DONOR-087,CASE-0437,1181.88,2025-09-25
DONATION-0704,DONOR-049,CASE-0142,771.61,2026-08-18
DONATION-0705,DONOR-089,CASE-0181,102.22,2026-08-29
DONATION-0706,DONOR-014,CASE-0437,1657.97,2026-01-02
DONATION-0707,DONOR-074,CASE-0122,1530.78,2026-03-17
DONATION-0708,DONOR-040,CASE-0278,192.54,2026-08-25
DONATION-0709,DONOR-013,CASE-0483,1434.30,2026-01-26
DONATION-0710,DONOR-037,CASE-0200,2373.58,2025-10-09
DONATION-0711,DONOR-077,CASE-0426,340.16,2026-08-29
DONATION-0712,DONOR-071,CASE-0117,135.10,2026-03-07
DONATION-0713,DONOR-018,CASE-0124,942.41,2026-08-28
DONATION-0714,DONOR-034,CASE-0249,347.56,2026-01-23
DONATION-0715,DONOR-090,CASE-0492,483.75,2026-05-16
DONATION-0716,DONOR-085,CASE-0008,699.14,2026-02-08
DONATION-0717,DONOR-058,CASE-0110,687.24,2026-08-06
DONATION-0718,DONOR-096,CASE-0165,1085.08,2026-07-29
DONATION-0719,DONOR-091,CASE-0051,352.06,2026-09-01
DONATION-0720,DONOR-050,CASE-0280,2087.28,2026-02-02
DONATION-0721,DONOR-021,CASE-0409,1490.74,2026-07-07
DONATION-0722,DONOR-033,CASE-0392,198.37,2026-06-30
DONATION-0723,DONOR-093,CASE-0471,1344.49,2026-08-25
DONATION-0724,DONOR-100,CASE-0474,1784.45,2026-01-20
DONATION-0725,DONOR-100,CASE-0469,2306.33,2026-07-09
DONATION-0726,DONOR-097,CASE-0286,1058.38,2026-05-01
DONATION-0727,DONOR-033,CASE-0055,1361.49,2026-09-09
DONATION-0728,DONOR-089,CASE-0050,1037.34,2025-11-16
DONATION-0729,DONOR-006,CASE-0341,761.66,2026-06-17
DONATION-0730,DONOR-057,CASE-0070,2265.51,2026-07-22
DONATION-0731,DONOR-051,CASE-0329,1793.51,2026-06-28
DONATION-0732,DONOR-011,CASE-0383,281.67,2026-08-12
DONATION-0733,DONOR-050,CASE-0099,1467.71,2026-09-08
DONATION-0734,DONOR-026,CASE-0361,698.51,2026-03-07
DONATION-0735,DONOR-067,CASE-0252,622.11,2026-07-07
DONATION-0736,DONOR-060,CASE-0084,1495.73,2026-06-11
DONATION-0737,DONOR-097,CASE-0313,1552.67,2026-07-04
DONATION-0738,DONOR-036,CASE-0326,2270.36,2026-01-11
DONATION-0739,DONOR-059,CASE-0250,117.48,2026-01-16
DONATION-0740,DONOR-100,CASE-0435,133.74,2026-05-03
DONATION-0741,DONOR-077,CASE-0145,496.17,2026-06-09
DONATION-0742,DONOR-050,CASE-0457,1507.37,2026-08-19
DONATION-0743,DONOR-096,CASE-0371,2476.72,2026-08-03
DONATION-0744,DONOR-015,CASE-0277,1237.92,2026-05-15
DONATION-0745,DONOR-087,CASE-0358,1303.62,2026-06-25
DONATION-0746,DONOR-094,CASE-0282,2449.45,2026-01-04
DONATION-0747,DONOR-070,CASE-0272,838.50,2026-08-08
DONATION-0748,DONOR-001,CASE-0017,457.64,2026-07-21
DONATION-0749,DONOR-083,CASE-0178,129.76,2026-06-08
DONATION-0750,DONOR-079,CASE-0279,966.12,2026-06-04
DONATION-0751,DONOR-060,CASE-0114,2270.10,2026-03-06
DONATION-0752,DONOR-014,CASE-0189,1821.08,2026-08-25
DONATION-0753,DONOR-069,CASE-0070,1423.04,2026-05-05
DONATION-0754,DONOR-017,CASE-0436,108.72,2026-08-28
DONATION-0755,DONOR-010,CASE-0100,1876.58,2026-06-15
DONATION-0756,DONOR-002,CASE-0053,1447.88,2026-05-03
DONATION-0757,DONOR-079,CASE-0466,1664.84,2026-04-08
DONATION-0758,DONOR-034,CASE-0335,545.41,2026-09-02
DONATION-0759,DONOR-018,CASE-0215,560.97,2026-04-26
DONATION-0760,DONOR-022,CASE-0445,188.03,2025-10-04
DONATION-0761,DONOR-063,CASE-0118,1380.83,2026-01-22
DONATION-0762,DONOR-030,CASE-0500,996.89,2026-09-06
DONATION-0763,DONOR-009,CASE-0486,990.28,2026-02-16
DONATION-0764,DONOR-081,CASE-0169,459.83,2026-06-23
DONATION-0765,DONOR-020,CASE-0487,1404.87,2026-07-02
DONATION-0766,DONOR-061,CASE-0242,322.69,2026-08-09
DONATION-0767,DONOR-072,CASE-0049,419.53,2026-03-18
DONATION-0768,DONOR-005,CASE-0188,467.14,2026-04-23
DONATION-0769,DONOR-067,CASE-0409,594.96,2026-08-15
DONATION-0770,DONOR-029,CASE-0451,2390.02,2026-08-17
DONATION-0771,DONOR-015,CASE-0299,1461.98,2026-09-07
DONATION-0772,DONOR-012,CASE-0385,1162.99,2026-05-20
DONATION-0773,DONOR-093,CASE-0213,1120.63,2026-03-13
DONATION-0774,DONOR-004,CASE-0154,329.25,2026-03-22
DONATION-0775,DONOR-026,CASE-0358,2140.53,2026-09-08
DONATION-0776,DONOR-079,CASE-0116,309.03,2026-08-29
DONATION-0777,DONOR-035,CASE-0135,1532.97,2026-08-21
DONATION-0778,DONOR-059,CASE-0204,1173.58,2025-12-06
DONATION-0779,DONOR-057,CASE-0206,1777.93,2026-06-19
DONATION-0780,DONOR-044,CASE-0418,197.17,2026-06-03
DONATION-0781,DONOR-069,CASE-0466,2453.76,2025-10-28
DONATION-0782,DONOR-028,CASE-0304,2160.28,2026-07-12
DONATION-0783,DONOR-022,CASE-0016,1269.23,2025-12-07
DONATION-0784,DONOR-092,CASE-0065,1814.77,2026-06-03
DONATION-0785,DONOR-046,CASE-0208,1086.70,2026-09-04
DONATION-0786,DONOR-011,CASE-0222,961.59,2026-04-11
DONATION-0787,DONOR-098,CASE-0356,639.16,2025-11-15
DONATION-0788,DONOR-006,CASE-0487,465.53,2026-07-21
DONATION-0789,DONOR-027,CASE-0129,176.02,2026-08-22
DONATION-0790,DONOR-092,CASE-0443,695.17,2025-07-31
DONATION-0791,DONOR-049,CASE-0174,919.64,2026-08-15
DONATION-0792,DONOR-055,CASE-0159,1016.61,2025-06-30
DONATION-0793,DONOR-032,CASE-0304,369.68,2026-01-02
DONATION-0794,DONOR-070,CASE-0067,2047.25,2026-05-06
DONATION-0795,DONOR-020,CASE-0459,2306.09,2025-09-25
DONATION-0796,DONOR-096,CASE-0131,2328.66,2026-08-30
DONATION-0797,DONOR-005,CASE-0178,66.95,2026-05-12
DONATION-0798,DONOR-015,CASE-0327,422.71,2026-03-28
DONATION-0799,DONOR-094,CASE-0427,185.95,2026-07-29
DONATION-0800,DONOR-007,CASE-0317,2143.08,2025-05-25
DONATION-0801,DONOR-075,CASE-0407,1668.82,2026-04-29
DONATION-0802,DONOR-006,CASE-0322,366.63,2026-09-05
DONATION-0803,DONOR-070,CASE-0440,1445.11,2025-12-30
DONATION-0804,DONOR-007,CASE-0414,474.01,2025-06-26
DONATION-0805,DONOR-098,CASE-0393,54.34,2026-03-03
DONATION-0806,DONOR-098,CASE-0049,2181.30,2026-08-26
DONATION-0807,DONOR-095,CASE-0078,905.86,2025-09-29
DONATION-0808,DONOR-072,CASE-0032,51.53,2026-05-06
DONATION-0809,DONOR-059,CASE-0177,170.67,2026-01-08
DONATION-0810,DONOR-077,CASE-0362,1475.44,2026-06-29
DONATION-0811,DONOR-078,CASE-0294,685.22,2026-08-29
DONATION-0812,DONOR-081,CASE-0190,338.97,2025-12-12
DONATION-0813,DONOR-035,CASE-0114,2424.88,2025-12-14
DONATION-0814,DONOR-059,CASE-0397,777.42,2025-12-15
DONATION-0815,DONOR-045,CASE-0343,1463.08,2025-04-20
DONATION-0816,DONOR-020,CASE-0371,104.25,2026-06-09
DONATION-0817,DONOR-011,CASE-0003,1493.77,2026-05-19
DONATION-0818,DONOR-056,CASE-0011,114.85,2026-05-10
DONATION-0819,DONOR-065,CASE-0102,1787.83,2026-09-03
DONATION-0820,DONOR-092,CASE-0206,235.71,2026-06-21
DONATION-0821,DONOR-062,CASE-0154,959.58,2026-07-30
DONATION-0822,DONOR-054,CASE-0467,1430.97,2026-05-27
DONATION-0823,DONOR-100,CASE-0013,1482.89,2025-11-26
DONATION-0824,DONOR-024,CASE-0095,284.90,2026-09-05
DONATION-0825,DONOR-046,CASE-0243,1360.11,2026-07-31
DONATION-0826,DONOR-038,CASE-0130,142.62,2026-01-04
DONATION-0827,DONOR-064,CASE-0063,599.63,2026-01-06
DONATION-0828,DONOR-036,CASE-0405,1320.45,2026-08-21
DONATION-0829,DONOR-057,CASE-0497,1450.80,2025-08-12
DONATION-0830,DONOR-080,CASE-0252,1314.76,2026-07-26
DONATION-0831,DONOR-065,CASE-0070,61.62,2026-09-05
DONATION-0832,DONOR-071,CASE-0380,1272.79,2026-04-02
DONATION-0833,DONOR-092,CASE-0137,1660.05,2026-06-25
DONATION-0834,DONOR-069,CASE-0367,1472.47,2026-09-06
DONATION-0835,DONOR-087,CASE-0059,2108.30,2026-05-01
DONATION-0836,DONOR-059,CASE-0236,1500.99,2026-05-11
DONATION-0837,DONOR-087,CASE-0430,1770.55,2026-04-27
DONATION-0838,DONOR-044,CASE-0455,1385.46,2026-04-26
DONATION-0839,DONOR-042,CASE-0153,387.78,2026-08-04
DONATION-0840,DONOR-051,CASE-0466,412.91,2025-11-21
DONATION-0841,DONOR-087,CASE-0358,1749.90,2025-12-04
DONATION-0842,DONOR-029,CASE-0444,717.16,2026-08-30
DONATION-0843,DONOR-059,CASE-0255,157.25,2026-08-26
DONATION-0844,DONOR-061,CASE-0132,2335.86,2025-11-28
DONATION-0845,DONOR-028,CASE-0247,1476.81,2025-05-19
DONATION-0846,DONOR-072,CASE-0111,1457.53,2025-11-20
DONATION-0847,DONOR-049,CASE-0055,676.41,2025-08-02
DONATION-0848,DONOR-062,CASE-0234,208.58,2026-06-04
DONATION-0849,DONOR-088,CASE-0164,1137.97,2025-12-29
DONATION-0850,DONOR-098,CASE-0307,798.46,2025-06-20
DONATION-0851,DONOR-038,CASE-0136,253.96,2026-06-04
DONATION-0852,DONOR-009,CASE-0479,507.77,2025-06-22
DONATION-0853,DONOR-073,CASE-0102,802.55,2026-07-21
DONATION-0854,DONOR-034,CASE-0269,1586.29,2026-07-21
DONATION-0855,DONOR-011,CASE-0427,966.17,2026-08-31
DONATION-0856,DONOR-027,CASE-0277,433.42,2026-07-13
DONATION-0857,DONOR-061,CASE-0163,2135.56,2026-06-25
DONATION-0858,DONOR-025,CASE-0080,2315.46,2026-07-24
DONATION-0859,DONOR-050,CASE-0444,1182.87,2026-07-12
DONATION-0860,DONOR-061,CASE-0443,1133.89,2026-01-25
DONATION-0861,DONOR-085,CASE-0049,758.62,2026-01-23
DONATION-0862,DONOR-088,CASE-0149,418.53,2026-07-26
DONATION-0863,DONOR-099,CASE-0443,1351.64,2026-05-22
DONATION-0864,DONOR-090,CASE-0223,2398.01,2026-02-01
DONATION-0865,DONOR-027,CASE-0228,2134.05,2026-09-03
DONATION-0866,DONOR-061,CASE-0473,642.15,2026-08-18
DONATION-0867,DONOR-003,CASE-0291,2106.98,2026-05-05
DONATION-0868,DONOR-045,CASE-0360,1220.23,2026-08-25
DONATION-0869,DONOR-025,CASE-0188,261.17,2026-07-02
DONATION-0870,DONOR-010,CASE-0041,1990.26,2026-08-21
DONATION-0871,DONOR-039,CASE-0412,2212.25,2025-11-23
DONATION-0872,DONOR-048,CASE-0008,2370.96,2025-07-27
DONATION-0873,DONOR-006,CASE-0038,50.03,2025-06-04
DONATION-0874,DONOR-080,CASE-0496,287.27,2026-08-27
DONATION-0875,DONOR-088,CASE-0212,1720.61,2026-07-10
DONATION-0876,DONOR-034,CASE-0013,2408.77,2026-01-20
DONATION-0877,DONOR-005,CASE-0142,436.56,2026-09-05
DONATION-0878,DONOR-092,CASE-0015,1553.78,2025-09-02
DONATION-0879,DONOR-030,CASE-0216,1248.66,2026-05-08
DONATION-0880,DONOR-044,CASE-0452,2061.60,2026-04-07
DONATION-0881,DONOR-046,CASE-0458,649.18,2026-07-04
DONATION-0882,DONOR-079,CASE-0202,868.60,2026-07-23
DONATION-0883,DONOR-024,CASE-0367,2254.49,2026-05-30
DONATION-0884,DONOR-038,CASE-0408,1949.44,2026-01-19
DONATION-0885,DONOR-036,CASE-0273,2024.11,2026-03-19
DONATION-0886,DONOR-081,CASE-0123,2222.51,2026-04-05
DONATION-0887,DONOR-017,CASE-0053,1505.38,2026-06-30
DONATION-0888,DONOR-077,CASE-0025,469.70,2026-08-09
DONATION-0889,DONOR-018,CASE-0340,1362.50,2026-04-05
DONATION-0890,DONOR-061,CASE-0329,2240.79,2026-08-09
DONATION-0891,DONOR-074,CASE-0438,1002.02,2026-09-02
DONATION-0892,DONOR-044,CASE-0163,908.79,2026-08-20
DONATION-0893,DONOR-066,CASE-0205,1709.58,2026-08-23
DONATION-0894,DONOR-069,CASE-0152,851.90,2026-09-09
DONATION-0895,DONOR-004,CASE-0441,1815.22,2026-08-27
DONATION-0896,DONOR-006,CASE-0124,722.08,2026-06-16
DONATION-0897,DONOR-024,CASE-0253,399.28,2026-04-08
DONATION-0898,DONOR-022,CASE-0334,1467.10,2026-05-12
DONATION-0899,DONOR-025,CASE-0451,1221.81,2026-06-09
DONATION-0900,DONOR-015,CASE-0473,435.78,2026-06-17
DONATION-0901,DONOR-062,CASE-0395,1509.20,2026-05-28
DONATION-0902,DONOR-016,CASE-0497,2225.31,2025-07-01
DONATION-0903,DONOR-056,CASE-0478,97.15,2026-08-28
DONATION-0904,DONOR-032,CASE-0113,602.19,2026-07-26
DONATION-0905,DONOR-077,CASE-0119,322.78,2026-02-08
DONATION-0906,DONOR-056,CASE-0009,197.04,2026-09-05
DONATION-0907,DONOR-019,CASE-0400,778.03,2025-12-22
DONATION-0908,DONOR-074,CASE-0498,541.13,2026-05-27
DONATION-0909,DONOR-099,CASE-0322,2346.69,2026-09-03
DONATION-0910,DONOR-006,CASE-0098,1097.50,2026-04-20
DONATION-0911,DONOR-062,CASE-0363,484.80,2026-05-12
DONATION-0912,DONOR-073,CASE-0265,1815.88,2026-03-02
DONATION-0913,DONOR-089,CASE-0084,93.64,2026-07-17
DONATION-0914,DONOR-040,CASE-0107,986.00,2025-04-30
DONATION-0915,DONOR-095,CASE-0186,1278.75,2025-09-02
DONATION-0916,DONOR-004,CASE-0473,879.08,2026-06-20
DONATION-0917,DONOR-015,CASE-0172,1102.87,2025-12-07
DONATION-0918,DONOR-025,CASE-0217,132.04,2026-09-04
DONATION-0919,DONOR-003,CASE-0151,726.34,2026-05-12
DONATION-0920,DONOR-019,CASE-0209,1733.71,2026-07-15
DONATION-0921,DONOR-012,CASE-0030,423.31,2026-03-30
DONATION-0922,DONOR-027,CASE-0283,80.03,2025-08-09
DONATION-0923,DONOR-005,CASE-0488,1133.05,2025-12-07
DONATION-0924,DONOR-073,CASE-0150,2190.43,2025-12-19
DONATION-0925,DONOR-060,CASE-0145,1608.74,2025-09-12
DONATION-0926,DONOR-047,CASE-0355,1537.28,2025-07-18
DONATION-0927,DONOR-095,CASE-0413,1364.42,2025-12-12
DONATION-0928,DONOR-081,CASE-0204,2036.95,2026-07-13
DONATION-0929,DONOR-021,CASE-0382,1587.06,2026-06-15
DONATION-0930,DONOR-035,CASE-0139,2268.93,2026-05-07
DONATION-0931,DONOR-022,CASE-0092,1792.55,2026-08-11
DONATION-0932,DONOR-091,CASE-0163,169.21,2026-06-28
DONATION-0933,DONOR-086,CASE-0233,1534.80,2026-06-09
DONATION-0934,DONOR-053,CASE-0412,1854.80,2026-02-26
DONATION-0935,DONOR-012,CASE-0326,2028.95,2026-06-20
DONATION-0936,DONOR-089,CASE-0029,397.10,2026-02-05
DONATION-0937,DONOR-083,CASE-0466,1316.97,2026-08-12
DONATION-0938,DONOR-023,CASE-0256,318.86,2026-08-03
DONATION-0939,DONOR-040,CASE-0061,2032.70,2026-05-15
DONATION-0940,DONOR-077,CASE-0065,217.89,2026-06-30
DONATION-0941,DONOR-020,CASE-0131,2349.38,2026-09-04
DONATION-0942,DONOR-038,CASE-0088,1790.75,2026-06-02
DONATION-0943,DONOR-038,CASE-0165,149.06,2025-12-19
DONATION-0944,DONOR-034,CASE-0094,2256.68,2025-10-26
DONATION-0945,DONOR-023,CASE-0288,2313.75,2026-08-17
DONATION-0946,DONOR-008,CASE-0248,433.10,2026-04-17
DONATION-0947,DONOR-047,CASE-0158,1565.88,2025-07-15
DONATION-0948,DONOR-087,CASE-0337,1798.04,2026-05-23
DONATION-0949,DONOR-036,CASE-0065,535.33,2026-05-13
DONATION-0950,DONOR-064,CASE-0270,224.13,2026-06-02
DONATION-0951,DONOR-037,CASE-0266,518.05,2026-01-12
DONATION-0952,DONOR-055,CASE-0121,120.79,2026-04-27
DONATION-0953,DONOR-084,CASE-0257,127.44,2026-02-28
DONATION-0954,DONOR-028,CASE-0062,2188.46,2026-09-03
DONATION-0955,DONOR-005,CASE-0277,791.89,2026-03-10
DONATION-0956,DONOR-002,CASE-0493,780.65,2026-06-02
DONATION-0957,DONOR-066,CASE-0098,87.71,2026-06-11
DONATION-0958,DONOR-063,CASE-0316,978.69,2026-03-23
DONATION-0959,DONOR-025,CASE-0424,1111.15,2026-08-06
DONATION-0960,DONOR-039,CASE-0261,1395.72,2026-03-15
DONATION-0961,DONOR-096,CASE-0076,148.24,2026-03-28
DONATION-0962,DONOR-070,CASE-0008,2265.07,2025-06-03
DONATION-0963,DONOR-025,CASE-0492,2370.42,2025-12-07
DONATION-0964,DONOR-031,CASE-0324,1389.16,2026-08-11
DONATION-0965,DONOR-076,CASE-0083,355.85,2026-04-25
DONATION-0966,DONOR-003,CASE-0393,206.23,2026-04-16
DONATION-0967,DONOR-030,CASE-0333,2251.21,2026-09-04
DONATION-0968,DONOR-096,CASE-0296,627.01,2025-10-30
DONATION-0969,DONOR-033,CASE-0157,2481.01,2026-07-06
DONATION-0970,DONOR-013,CASE-0034,179.76,2026-07-23
DONATION-0971,DONOR-044,CASE-0390,953.10,2025-11-22
DONATION-0972,DONOR-015,CASE-0242,311.59,2026-06-21
DONATION-0973,DONOR-059,CASE-0189,1430.67,2025-11-19
DONATION-0974,DONOR-003,CASE-0491,1768.15,2026-08-16
DONATION-0975,DONOR-088,CASE-0274,2219.61,2026-09-02
DONATION-0976,DONOR-009,CASE-0329,2412.87,2026-08-11
DONATION-0977,DONOR-027,CASE-0116,580.07,2026-02-02
DONATION-0978,DONOR-077,CASE-0344,1060.04,2026-09-06
DONATION-0979,DONOR-028,CASE-0338,555.47,2026-07-30
DONATION-0980,DONOR-020,CASE-0253,1179.06,2026-03-11
DONATION-0981,DONOR-011,CASE-0257,311.33,2026-08-23
DONATION-0982,DONOR-075,CASE-0404,779.29,2026-06-07
DONATION-0983,DONOR-073,CASE-0145,826.46,2026-08-17
DONATION-0984,DONOR-045,CASE-0454,1465.99,2026-06-09
DONATION-0985,DONOR-085,CASE-0115,1334.31,2026-05-09
DONATION-0986,DONOR-079,CASE-0333,1440.01,2026-03-05
DONATION-0987,DONOR-052,CASE-0097,1545.27,2026-07-16
DONATION-0988,DONOR-005,CASE-0401,1186.26,2026-08-24
DONATION-0989,DONOR-061,CASE-0357,543.02,2025-11-13
DONATION-0990,DONOR-030,CASE-0232,2010.82,2026-08-20
DONATION-0991,DONOR-019,CASE-0131,2200.85,2026-09-03
DONATION-0992,DONOR-033,CASE-0170,1830.39,2026-07-26
DONATION-0993,DONOR-038,CASE-0006,1274.79,2026-03-18
DONATION-0994,DONOR-072,CASE-0040,925.84,2026-06-28
DONATION-0995,DONOR-025,CASE-0211,1584.68,2026-09-08
DONATION-0996,DONOR-076,CASE-0019,57.87,2026-09-06
DONATION-0997,DONOR-088,CASE-0456,1771.74,2025-12-19
DONATION-0998,DONOR-064,CASE-0323,926.40,2025-12-06
DONATION-0999,DONOR-041,CASE-0399,1170.01,2026-03-21
DONATION-1000,DONOR-098,CASE-0355,705.81,2025-06-22
